361b749b-4e4b-4077-a367-657b3154fc3e,"Lee, Matthew",1,1,0,0,1
53a8d000-5902-46a6-81d2-0fe438997269,"Soto, Jonathan",3,1,0,0,0.333
52e54a25-d148-4ad9-a761-86c2adb40226,"Martinez, Michael",3,1,0,1,0.333
84c5cc59-8653-4351-ba1b-42c403ce6f82,"Carr, Jared",3,1,1,1,0.333
482c7d16-a130-4bf7-8ac1-767bba1ee2a6,"Souzzi, Joe",3,1,0,0,0.333
37b7c65d-8965-4614-b0c5-7da758002146,"Perez, Joe",8,2,0,0,0.25
8410ecbc-f9ce-4620-ae8b-5e077572f3d5,"Pugh, Tillman",4,1,1,2,0.25
9d598e8f-dd1e-432f-98b5-22939969fa19,"Curbelo, Luis",5,1,0,1,0.2
1701b94e-59e3-41b8-a2dd-d363c2278981,"Barnum, Keon",6,1,0,2,0.167
a2afac01-8e1e-4c62-9973-65f396453399,"Martin, Trey",18,3,0,2,0.167
57014d3d-fe4f-4e13-8033-823545842b76,"Cumbo, EJ",12,2,0,0,0.167
a36dd718-3cf1-471c-8de4-b828b8fa98d2,"Strachan, Kendon",6,1,0,0,0.167
7cf15cf8-3c4f-48a1-b5f8-e6be0558f933,"Higgins, Kevin",13,2,0,0,0.154
a27fb75b-ae81-4c99-a072-59355e9c9a45,"Baylor, Jamari",26,4,2,7,0.154
ece3dc06-080e-44ed-9d9b-1a2a82eb8bf5,"Hess, Kyle",72,10,3,9,0.139
b22f8616-e2d5-40bc-a5fd-b9054685ee77,"Williams, Jaylyn",31,4,0,0,0.129
f7e711cc-2bc5-4663-a84f-354adb5315f2,"Williams, Jaylyn",179,23,2,8,0.128
4cb562a3-cb84-4798-aa46-9d5ffde2d000,"Williams, Jaylen",8,1,0,0,0.125
71c66392-a3d2-4356-b59c-82314ae6e52e,"White, Gregory",8,1,0,1,0.125
0f779823-60db-40f3-ace2-05adc3f1166a,"Diaz, Luis Yanel",90,11,3,8,0.122
173b55c5-6787-4a56-88b6-b3ca64985c56,"Mayer, Jake",9,1,0,0,0.111
08231854-5d31-4f3a-aa66-382fb07235b7,"Cumbo, EJ",109,12,0,6,0.11
d92dbd4c-82b0-40d3-b5cf-f4de3b99294c,"Jimenez, Gilberto",157,17,1,5,0.108
f1e8b2d9-629d-4c85-878c-fcdf010cbb94,"Dearden, Tyler",498,54,11,37,0.108
46c3bb1e-1b51-43a9-84f5-9138315c95ac,"Santana, Cristian",478,49,12,40,0.103
ce67ab51-ab49-4366-9234-a65ddd651764,"Bradley, Jackie",552,56,11,25,0.101
05b7a623-5708-4e4a-a837-e3cb1a58fa90,"Martin Jr, Rudy",20,2,0,0,0.1
44287946-d54c-430f-a845-f5e55411483b,"Casey, Donovan",41,4,1,4,0.098
64bdc26a-3c85-4e26-b120-307427c42768,"Wiel, Zander",164,16,5,14,0.098
ceb75a6a-1159-4b43-8ea6-a2ac50f40505,"Bottcher, Matt",756,71,6,31,0.094
2db8e6ad-babd-43c8-aa7c-3693c1193158,"Casey, Donovan",854,80,10,72,0.094
45d3931f-1916-47f3-8fab-2651fed24e8b,"Cumbo, E.J.",758,71,6,55,0.094
38280c6d-5a88-40a2-84bd-21a270bbfa72,"Tostado, Frankie",1236,115,11,80,0.093
c37124cd-2947-4f23-9eb6-b21be126de44,"Coulter, Clint",208,19,4,12,0.091
21164253-5906-47d3-b7e1-97880aaac2ab,"Cumbo, E.J.",11,1,0,0,0.091
41c571fc-4e65-46d0-9aa9-925fa7dda861,"Flores, Ronaldo",900,82,12,51,0.091
a950eb73-d4bd-4cdf-8463-54ea794d1dff,"Dotel, Welington",681,61,3,24,0.09
276d6514-e089-4f00-a3dc-fda95d4fbc65,"Eeles, Payton",67,6,2,2,0.09
7a285123-f1d6-44cf-ba5b-28998875b843,"McDermott, Matt",900,80,6,34,0.089
2c79d08e-a415-48f7-adc5-e45ecd8cbfab,"Dearden, Tyler",666,59,7,40,0.089
799fa3af-7f51-419e-9a0a-592cbb0fb2e5,"Yetsko, Ian",285,25,4,9,0.088
44197431-035b-4571-84bb-a956f5e9910d,"Washer, Jake",392,34,2,25,0.087
eeb1bdbb-f979-4b38-8aef-eedca9a248a2,"Fontana, Shayne ",46,4,0,3,0.087
49a6a7b9-6a08-46e3-a296-f151511c7571,"Castillo, Ivan",1589,137,10,61,0.086
b878b8dd-5d54-48b8-a256-ada761c3fca6,"Perez, Eury",359,31,1,14,0.086
cad634df-5f2b-49ac-8bec-212823187a13,"McKeithan, Aaron",325,28,1,19,0.086
3344c2a4-4bd3-492b-b45c-acfb57fee533,"Castro, Luis",627,54,11,34,0.086
41b8e53e-c119-4a81-bd19-21e9094b1596,"Costes, Marty",837,72,9,46,0.086
ba40e36b-69d2-443a-a54d-a06a655dd9ce,"Martin, Rudy",722,62,4,22,0.086
d30ad64a-2b2e-4eae-9834-18d200997114,"Mayberry, Blake",106,9,0,6,0.085
89fb6d4b-d273-458b-af33-a6839bdbeb50,"Stowers, Josh",789,67,10,41,0.085
42b741f5-c528-4a66-8d60-e5959cae3d73,"Gregorio, Osmy",263,22,4,14,0.084
bb6a9572-2ded-4582-bbf4-7ee76aebf1ed,"Guthrie, Dalton",1579,132,17,86,0.084
0fbceda8-0d32-4f3a-b6ef-16ca2aa50552,"Muniz, Charlie",36,3,0,2,0.083
7a0c0048-fcaf-4498-937e-32ee90a84185,"Tovalin, Osvaldo",144,12,2,7,0.083
e8772a94-bda5-4612-8f49-ac505bd04923,"Acuna, Jose",12,1,1,2,0.083
35ce3d67-a5e5-4e7c-a6da-1132dec80ffe,"Gomez, Dariel",312,26,6,15,0.083
74716101-9d58-4c68-91aa-c05f4624c8a9,"Fontana, Shayne",1106,90,12,49,0.081
a51b8838-4dde-4e3d-a9ce-cc5119ebab5f,"Washington, David",37,3,0,2,0.081
df460c5e-0b46-4f3c-b560-add24cbe1e16,"Mondesi, Paul",37,3,0,0,0.081
e87a56c6-f870-44c3-94bb-c7f67add6f6c,"Napleton, Luke",633,51,8,33,0.081
ba84f85a-d182-4a3e-87ca-0b175f792fd1,"Diaz, Eddy",1562,126,7,63,0.081
dbcb44fa-edc6-4eab-b8f5-35344d8fedab,"Moritz, Andrew",376,30,3,4,0.08
cc6606db-74ce-4cdc-ac5b-e7f41f87367c,"Scantlin, Nate",787,63,3,28,0.08
3bf5741a-c28e-4122-ab66-4612f139bc8b,"Maitan, Kevin",112,9,1,7,0.08
8b6d514f-04b0-4bfe-8dcd-7d7c4e02cd6e,"Walker, Mason",75,6,0,0,0.08
d9f3b18b-7eb6-4f5e-ab27-2c0ee8ab906f,"Womack, Alsander",1783,141,16,65,0.079
58696816-7cd9-4e37-adc3-33cacb80fca8,"Johns, Gavin",190,15,0,4,0.079
2dac9111-be81-47d1-9f7d-386bf82b2d25,"Santana, Juan",620,49,5,28,0.079
51a537bc-f60e-43a9-b180-362d7006f6be,"Miller, Jalen",2034,161,18,86,0.079
ec724e59-ef6c-425e-8969-c48132a89973,"Mattis, Gary",1602,127,6,40,0.079
819bbedf-9d7f-4563-a33c-098e6331c98d,"Dues, Damon ",102,8,0,3,0.078
f6dae754-9644-4454-b614-f47ba3834da6,"Ward, Nick",1751,136,19,83,0.078
e6998894-b9b8-44ef-9da2-565a6aeeaeaf,"Dexter, Sam",1276,99,13,63,0.078
d615219e-73bd-4f9b-ab9d-2461fe98f803,"Baca, Michael",117,9,0,5,0.077
a52c4b53-0551-48c0-9656-9989018b4c60,"Ellis, Drew",208,16,4,9,0.077
b4069eb7-dae8-4f82-8ed3-58d6554d27b4,"Conley, Jack",417,32,6,20,0.077
15f93f84-e830-4786-b685-ae28a6de5df7,"Racusin, Zach",52,4,0,2,0.077
99c888f4-0dff-4683-9649-f0180d12f158,"Poteat, Thatcher",13,1,0,1,0.077
b26a3b27-907c-4de5-bdd5-fe00a1bde3f4,"Kato, Kobe",26,2,0,0,0.077
5c60190f-7d42-4b17-b67f-a3a9c18f39c0,"Gregorio, Osmy",209,16,3,10,0.077
9f4a121e-2007-44fb-b64e-51a83904efbb,"Devenney, Ciaran",13,1,0,0,0.077
1ff00a4f-6049-481d-90c2-be0fec4b2c33,"Whalen, Brady",1745,133,26,91,0.076
35e0b3c1-9831-42b4-bf22-45fd6ffd372f,"Jemison, Andrew",341,26,6,13,0.076
c5f5429f-661d-463c-9040-5b2fa944cb53,"Williams, Jaylyn",66,5,0,1,0.076
1fc087b2-2b0d-4456-b80e-beaaa5e4bb6d,"Williams, Tyler",1343,101,10,43,0.075
27fcd4e4-aa25-4aa5-9ac7-59a379ebca83,"Diaz, Isan",388,29,6,18,0.075
ea71a8c3-8020-4080-a6df-1bc6aba6cbfc,"Pantoja, Alexis",134,10,1,9,0.075
a08a3fb8-3647-44fc-81df-5be20beec524,"Barrera, Brett",1700,128,8,82,0.075
ca78a51a-ddee-48f0-9fb4-f3947fa80487,"Brooks, Robert",267,20,5,16,0.075
b7737458-1a45-4d86-ba9d-f15cf5e4f4c2,"Gomez, Hector",265,20,2,15,0.075
afe2d67d-48bf-45bc-992a-002f051917c2,"Town, River",1911,144,13,78,0.075
cc40d83a-ac83-4cb6-92cf-5ca0923725ac,"Smith, Chad",95,7,1,4,0.074
a321fd9a-8688-4d4a-b3eb-b8f85bf02565,"Stewart, Joe",54,4,0,0,0.074
e35d1276-cadd-4433-ade5-92f1368a56f0,"Terry, Curtis",1670,123,25,99,0.074
6ccb2fbe-3deb-4826-94b1-d2dea8fe3ad7,"Nelson, James",2075,153,32,90,0.074
8914e3f1-4c59-4fcc-85d7-d7a9b9d34370,"Rhinesmith, Jacob",766,57,3,40,0.074
3f7c411f-91f2-45a0-bc77-3131664c4b48,"Brown, Vaun",659,49,5,19,0.074
5e83d7fb-4fba-4975-a21f-95be80d94c3b,"Johnson, Kolby",1047,77,8,40,0.074
3592c033-e12c-4dab-8b7c-62e588cdc335,"Scheffler, Matt",1397,104,15,64,0.074
1b8a0411-bd0c-4ba4-96d9-8a52bebebf5a,"Moran, Colin",532,39,5,13,0.073
bc76dcd9-864c-45c7-bbf6-be9c0d27452b,"Skender, Ethan",1055,77,12,57,0.073
efdfe1f9-775a-462a-98a9-b2bd3a4a748b,"Carpenter, Joseph",2149,157,17,93,0.073
9ed09038-0a04-4e5d-9514-b70ec42aac1d,"Atwood, Andy",1535,112,17,63,0.073
52071e25-21b7-4df1-8691-de4c8c712470,"Welker, Colton",668,48,8,49,0.072
60a55b5d-c8f3-41b4-9b0f-feae6b9189f2,"Washington, David",684,49,17,50,0.072
15ca97bd-182a-4aac-bf47-aae7a7ce035e,"Long, Shed",307,22,0,11,0.072
472a1ca1-473b-41d0-b01d-908f4000f2aa,"Whalen, Brady",405,29,5,18,0.072
09b400bc-d9e4-4930-ab00-d085642652a7,"Dennis, Austin",138,10,0,3,0.072
0c8b009c-8926-427f-b099-52c3a82e0e96,"Schwindel, Frank",735,53,8,35,0.072
8a098ed4-393e-402a-af9a-1ff3580a704d,"Dues, Damon",414,30,4,14,0.072
faaac796-566a-44bb-93dc-9824f64f1c90,"Howell, Korry",439,31,3,10,0.071
b8deab40-6edb-4862-80f7-84f547d00ebd,"Daniels, Zach",1413,101,18,43,0.071
28c35f88-c868-4d51-8bf6-9b72c927552d,"Hubbard, Dondrei",762,54,7,31,0.071
32cadcfa-71cc-429d-b110-fa4d71668207,"O'Grady, Brian",567,40,10,25,0.071
753753e9-a6ec-4c30-bf72-5c92442d8ffc,"Maxwell, Mason",14,1,0,1,0.071
af2226b9-ab74-4181-9217-a0e587217110,"Campagna, Joe",792,56,9,31,0.071
85eb0b07-97ba-4d0f-b1df-1aa53769c51a,"Butcher, Will",14,1,0,0,0.071
a3043d4e-cf20-4679-97dd-f927b20b6259,"Broughton, Josh",704,49,2,28,0.07
e41a7fd3-ff89-465b-9bee-331c78035b95,"McDermott, Matt",43,3,0,0,0.07
f9c4282c-37e1-454f-9a89-46b5efb369e8,"Dotel, Welington",445,31,4,15,0.07
a375ec55-e585-45ca-a202-35a00a87d194,"Loftin, Jackson",1772,124,19,57,0.07
4c3dc0d5-2616-4946-a4df-b8fac0790b6d,"Johns, Gavin",71,5,0,0,0.07
d428f0fe-254d-4b19-bdac-a077f0f40c55,"Avelino, Abiatal",227,16,0,8,0.07
490af54e-e877-4157-b78a-c27aabd5e920,"Rosa, Joseph",305,21,2,15,0.069
5a64952c-481a-4398-9073-9276775e1ed4,"Johnson, Kolby",729,50,5,22,0.069
36db03f2-92d7-4ce5-97e7-f3b74bc5fd7c,"Dixon, Brenden",303,21,6,15,0.069
845f11ae-8972-469a-91d4-27646d8ad90f,"Reyes, Jomar",87,6,2,3,0.069
a13a3b53-b921-4d27-a6d3-4809cfeb0887,"Sedio, Chad",1171,81,17,53,0.069
5a399906-ad06-484e-8cb4-3bce37c6513b,"Sepulveda, Christian",203,14,2,7,0.069
baf0c56b-73b6-4bf5-a22b-2c27f0f22b2c,"Crook, Narciso",1374,95,19,70,0.069
69b76c3e-cf56-484f-80e2-4235e35f33c1,"Peralta, Elvis",218,15,3,10,0.069
5672f9a6-4973-4b07-837b-76d185d1789e,"Genther, Fritz",58,4,1,2,0.069
ece42ef9-89cf-444b-a8be-c86dc4ca9479,"Sedio, Chad",339,23,2,12,0.068
84905844-40b9-4fad-aaaa-f1eb0adf5704,"Daniels, Zach ",456,31,5,20,0.068
e3b53420-2f23-46cf-9b15-53418a1d32ec,"Barnum, Keon",883,60,16,54,0.068
1a9d2b1e-0adc-4ad4-893f-73595cb74466,"Culver, Cito",692,47,8,28,0.068
b1f8f629-d4a7-46ae-9a7d-d5f48eac780e,"Howard, Jordan",117,8,1,4,0.068
d976d324-d0e7-40cc-a5a0-8445c644ea9e,"Contreras, Mark",1914,130,18,98,0.068
7a4b3857-be82-453d-a4f1-3187584519f0,"Gatewood, Jake",943,63,18,54,0.067
5d31c400-2a4c-4bca-8fe6-fcda073a1c07,"Barnum, Keon",826,55,17,49,0.067
8e160851-9fec-4529-a2c7-f5d1b030f43a,"Smith, Jaylen",224,15,3,9,0.067
090662d6-36ab-45cd-b56c-6609db0de735,"Scantlin, Nate",1353,91,15,58,0.067
f0601333-dd39-4cef-ac67-f0c56f8d99e5,"Matheny, Shane",30,2,0,0,0.067
8bf46e26-361d-4983-96a8-4b934656ae24,"Sepulueda, Christian",15,1,0,0,0.067
aa3433af-95b5-4dcd-a723-5396312c431f,"Mendoza, Drew",2156,144,19,105,0.067
dc1da619-50c6-41b4-bbb9-f9804cdfd94c,"Tapia, German",15,1,0,0,0.067
561a5a39-3b1c-41ac-9e7a-3f037f2ca4ed,"Martinez, David",120,8,0,4,0.067
0a18414f-2ec3-47a3-adec-fae51a59421b,"Martorano, Brandon",1244,83,10,39,0.067
b6fa1fc5-8569-4e85-8afb-bf80b8378393,"Schwabe, Cadyn",30,2,0,0,0.067
afeb8d4a-1ab5-4ba3-8936-d2d28595b64b,"Howard, Gaige",855,57,2,25,0.067
b0bb71b8-7c31-41e2-83f4-edab08fd00fa,"Beer, Seth",1044,70,10,61,0.067
629d73bd-f762-4c5f-8d45-46f8026f1f6a,"Edwards, Evan",1893,127,31,111,0.067
aba8101d-f719-43c7-b0de-cbfaf1e62c2f,"Longhi, Nick",628,42,10,33,0.067
76d4008b-0b9a-4295-b46f-770af4deadbc,"Washington, Xane",1452,97,7,46,0.067
1d3da0cb-256d-4e4d-97c8-4bc93ca33412,"Higgins, Ryan",1352,91,21,73,0.067
eedb2143-a5df-465b-bf90-20206ce755c6,"Martin, Mason",2300,152,42,104,0.066
43e646a2-e58a-45ff-8293-ccf0a968afe7,"Wehler, Jeffrey",1584,104,14,72,0.066
36adef16-e1dc-4bc4-945d-2d1df2eebc56,"Blackwell, Benjamin",1663,109,2,32,0.066
c175004e-1dbd-4a81-976e-d239b94d0f37,"Carr, Jared",831,55,5,35,0.066
87a5e077-7637-4baa-b532-e3960e4e80ee,"Viola, Troy",1877,124,16,94,0.066
509ed793-de47-4774-a795-2fe5376a809d,"Briggs, Lamar",76,5,0,4,0.066
398332dd-b63f-4442-8f10-412d2aeeec11,"Racusin, Zach",242,16,0,7,0.066
24bd91b1-2a00-41c0-bd49-693a6b31a9b2,"Simoneit, Will",1297,85,18,66,0.066
412e2c73-2e34-4841-8a0f-597733592563,"Estrada, Rusber",742,49,10,36,0.066
8d3c928e-e5fd-4855-a856-5431096c576d,"Lujano, Jesus",594,39,2,8,0.066
6ab1a070-bf52-45c5-98eb-4ca426668f32,"Johnson, Ed",603,40,0,20,0.066
795fb4fa-37db-4e7f-a437-fe24991b4902,"Howard, Pearce",1368,89,11,45,0.065
587be537-e612-432b-8f68-3640f6bc3332,"Cottam, Kole",781,51,11,37,0.065
1c4692a2-ad32-47ef-98e4-42bba6edff6a,"Motter, Taylor",321,21,5,14,0.065
23a4e646-d45b-4064-bb5d-2acc4fb6d7c8,"Lucky, Nick",2303,149,20,110,0.065
18ba816f-550a-4d57-aca6-a70da097fbcc,"Baylor, Jamari",1529,100,21,80,0.065
24b92094-d51d-49b2-b704-2e5af61d24b1,"Martin, Richie",475,31,7,15,0.065
56729d8a-e588-47bf-9c6a-bb1995ded8d8,"Mordan, Aneudis",31,2,0,1,0.065
e08d7335-1488-4bf2-a95e-37fb02440295,"Barditch, Jonathan",217,14,1,9,0.065
3396a40c-db85-42b9-a96d-fe3d7cf96558,"Owings, Connor",990,64,10,45,0.065
65fa5fdb-90bf-445f-b30a-79c876774d4b,"Antonini, Aaron",1276,83,10,48,0.065
57ccaf74-bd9b-411e-a7a1-ee339643ccbd,"Guzman, Jeison",398,26,4,14,0.065
6730eef6-0b76-42a3-874f-188c5a6a4a3e,"Grotjohn, Ryan",645,41,5,21,0.064
3f403f44-41ac-4c6a-844b-4f58e687420b,"Cannon, Bryce",1100,70,10,50,0.064
6453ea31-ad7b-422a-ab82-e9566e9ffdc2,"Rodriguez, Cristhian",1207,77,16,56,0.064
523a6a3a-1797-47b3-a800-7772e7f0b2ca,"Kohlwey, Taylor",2002,128,11,73,0.064
c56a5bfe-6c09-491d-82a1-5ee072abe939,"Bates, Austin",236,15,0,4,0.064
32833492-06d7-4313-97ed-91bca34aac67,"Reyes, Alfredo",591,38,2,22,0.064
022e710b-fc52-49e4-ba48-e34aa4561921,"O'Brien, Keenan",561,36,1,16,0.064
de124300-cc56-4998-9a17-581539bd9863,"Arocho, Jeremy",1411,90,3,40,0.064
b064ad0d-6f82-4520-aea2-a88605f49839,"Martin, Trey",730,47,6,40,0.064
f563a347-061b-4b25-a89f-da1ceb4d9515,"Geraldo, Manuel",565,36,1,14,0.064
71aa237f-782c-433f-9291-16c77c134597,"Martin, Kyle",297,19,4,15,0.064
955f7093-e344-4ef1-a1ea-c54f6cc47a32,"Norman, Ben",784,49,8,35,0.063
2f957aea-c618-4db6-aa06-23b992ff905d,"Berry, Blake",364,23,1,12,0.063
6c8268ac-1e83-4a1f-b40e-097993a1052d,"Cancel, Gabriel",623,39,12,32,0.063
bd83a99b-6202-4ff3-87aa-7fb7c6f64ae2,"Kelly, Scott",224,14,0,8,0.063
e851df43-c617-4ef8-bac6-a6718fc174d3,"Dugan, Kelly",96,6,0,4,0.063
ad9ad69c-1ee2-4b37-a182-17480f162fa9,"Escanio, Brenny",207,13,0,3,0.063
925d47d2-3845-410a-ab9d-30784a7a6138,"Aklinski, Ben",3162,198,45,153,0.063
11985dc8-3e67-4e3e-b86d-f7ee7a28fbbf,"Otosaka, Tomo",158,10,0,6,0.063
f67889a3-567e-4a0e-b903-91493e817bb3,"Loehr, Trace",900,57,4,28,0.063
cf4dc579-ea06-4f67-b22d-534e8d34e625,"Abreu, Osvaldo",701,44,7,28,0.063
538e397e-8d5b-4621-a698-35eabb8c2f8b,"Dunston, Shawon",873,55,10,34,0.063
7e084cfd-68e5-40eb-95e7-404f49121906,"Wallace, Paxton",146,9,1,4,0.062
792d1a2b-5d28-4801-b751-ebf067daed0a,"Arbolida, Cary",1416,88,12,48,0.062
e2f339f0-73d1-4b74-88df-55c59cddd53e,"Baldwin, Roldani",177,11,3,15,0.062
1fd894f4-24b6-4eb7-9269-3015c6457dbc,"Semo, Andrew",162,10,0,4,0.062
e8b79bf4-f85b-4a2a-959e-9975801709e0,"Alonso, Alan",209,13,0,8,0.062
1be774ee-77b3-4935-8c28-b282dfbe4362,"Burgess, Colin",209,13,1,10,0.062
ce9c5a7d-4a42-4f9a-9b97-d0e5df39f9a0,"Rock, Dylan",1674,104,21,66,0.062
1e38992f-4df4-45df-9e59-1630e17c40a4,"Takacs, Aaron",1035,64,5,42,0.062
2f459cc6-02cc-404a-aff3-e77eb1851608,"Riddle, JT",465,29,2,18,0.062
c76d1322-1ee2-4c62-966e-3b0b46db3eab,"Gonzalez, Luis",2234,138,21,76,0.062
ce339d81-961a-412c-89ec-9655c273b17f,"Wylie, Justin",2973,185,47,142,0.062
4e1f19be-8399-408c-b458-165f7f0f1adc,"Ray, Anthony",465,29,2,14,0.062
54eed549-8152-448c-b8c1-0adf3dc0a2cb,"Dues, Damon",689,43,5,21,0.062
04fcf076-4b42-4f43-8ae1-029d9db587fe,"Flores, Marc",445,27,6,22,0.061
2af8c2c6-4dd2-40c4-ac73-cea786e40852,"Aldrete, Carter",950,58,19,59,0.061
749832ef-320c-4b12-b3c9-594f875d72f1,"Dunand, Joe",683,42,7,29,0.061
792493a3-db3c-416d-b60d-9459e09adbee,"Sandoval, Ariel",775,47,7,41,0.061
d0aa60d7-65eb-4c1b-9ae1-78f80ca77b91,"Amezquita, Carlos",212,13,0,7,0.061
100fde7c-8665-49f2-9b96-d5ef1a63b09a,"Racusin, Zach",658,40,1,15,0.061
90f6f8a8-49d7-4598-9364-5c5db7e4e6c3,"Viera, Max",1539,94,6,58,0.061
f19a2d28-3c76-44bf-8a75-5e6152ffe2e9,"Fontana, Shayne",791,48,6,37,0.061
d99e3e67-7d2b-4bb6-93ea-a5ad69ffa957,"Wilson, Ethan",1643,101,14,76,0.061
1e4b6ceb-2bea-43d7-94be-765c00d2a1ba,"De La Rosa, Eric",2378,146,28,103,0.061
337001a3-e502-4a99-90f2-1d0335242ae2,"Alonso, Alan",311,19,5,14,0.061
7ab555cf-8e0f-4c41-b28c-b83cce4b6510,"DeShields, Delino",743,45,3,17,0.061
5f4b6612-dc1e-401b-b8ec-8667ff2e2e1c,"Windland, Paul",261,16,2,12,0.061
f2a659de-06d3-430e-bfda-4d2c2a7be72d,"Takacs, Aaron",732,45,3,22,0.061
6b41a8f4-9a58-4bf0-95c5-101df3848c93,"McNeely, Caleb",592,36,7,30,0.061
e38387e5-169b-4fe1-b85a-780ce743e238,"Kato, Kobe",781,47,7,21,0.06
ee96d3a2-a948-4712-8b3d-2f9f0bcdcaef,"DiGiacomo, Giovanni",1721,103,12,67,0.06
723a5310-7c9f-4bbf-a7b9-478fab73fc01,"Taylor, John",833,50,8,32,0.06
d6b93cf3-8056-4890-9590-bd6fab375851,"Wielansky, Michael",959,58,5,31,0.06
777da3b1-5287-4203-9286-56fa2df4e53f,"Pike, Garret",134,8,1,2,0.06
fb693f7e-70df-49e0-98c5-f96250b93874,"Sierra, Magneuris",201,12,1,3,0.06
5c4e17db-2563-48c0-acd7-c46f91ed1fdd,"Connell, Justin",467,28,8,21,0.06
105d07b7-3e6b-46aa-8c66-f90807163020,"Farmer, Justin",399,24,2,20,0.06
d36c840b-9c2a-4ab3-9afd-bbdd26e5fa3b,"Black, Mark",796,48,3,17,0.06
c3d57799-d4c6-40e7-8cf7-d127395dea48,"Avelino, Abiatal",149,9,2,5,0.06
e87402a5-dd2f-439b-993f-f6c97a565205,"Dinesen, Mason",201,12,0,9,0.06
b82e809b-9fe8-4046-99e7-b0f4d112a560,"Kaler, Kole",1630,98,3,49,0.06
cb474c19-c6ea-43ec-ab5f-4e50341cef4f,"Latimore, Quincy",217,13,3,15,0.06
a34cff69-1593-4a50-b8bc-8e5b33ba7af4,"Dickerson, Alex",1451,87,21,80,0.06
f5bc2bff-8c30-47cd-9cf8-fbe6fadba999,"Proctor, Chris",727,43,4,36,0.059
96f6f3bf-ca7a-406a-b0ad-6e56f36f990f,"Brady, Chris",17,1,0,0,0.059
434e38fd-14a3-4afa-ba6d-d660ef615986,"Lewis, Brandon",1640,97,15,73,0.059
65afabf0-5bf2-498a-8974-96333393e415,"Rosa, Joseph",1722,101,21,76,0.059
6fe8c5ee-5b19-4030-9d80-463fd8329fb2,"Abbatine, Anthony ",17,1,0,0,0.059
871250cc-63b0-4365-a728-d686d28fa784,"Williams, Justin",34,2,0,1,0.059
74ee0dd9-45ab-4819-a806-c34823aeee05,"Coca, Yeison",1635,96,1,52,0.059
1176074d-904b-4cc2-97ec-16bba50b328a,"Brocato, Anthony",814,48,13,41,0.059
dfdbfddd-20bf-4ea5-b541-af6294fd92e2,"McBroom, Ryan",700,41,8,37,0.059
d953d61e-8965-41a0-9e5f-c01c53d1d6ab,"Reinheimer, Jack",2553,151,18,86,0.059
d97c8253-8735-4d9f-ad43-a42a8fdfdf50,"Pugh, Tillman",694,41,6,25,0.059
a5293ae7-77ec-4675-b501-a897b588e118,"Maggi, Drew",1215,72,7,30,0.059
9be1081f-a261-4cf8-ba2f-9c4ad487d719,"Schield, Slater",186,11,0,2,0.059
8ad2e028-afb1-462a-a5bb-d08402174d8b,"Kasser, Kyle",399,23,0,7,0.058
31563c3b-c137-451e-a71e-bcecb4c74efd,"Hulsizer, Niko",343,20,4,17,0.058
c3d1fe5b-f6ac-4840-85ad-ffcd57cf0bf0,"Weiss, Cooper",121,7,0,3,0.058
94934919-522b-4f03-914c-80044b369624,"Ervin, Phillip",718,42,7,28,0.058
84205d52-9664-4c3e-981c-695ac8181e14,"Mazeika, Patrick",1008,58,15,48,0.058
acf45de3-0821-43f9-9421-6c14d5c489eb,"Encarnacion, JC",1584,92,11,55,0.058
,,10962,622,73,0,0.057
9896f901-63e1-4b61-b450-0e4636c8711e,"Sandoval, Pablo",1633,93,13,67,0.057
c66ccdd4-cb1f-4329-915f-2658e9b792ea,"Luplow, Jordan",230,13,5,16,0.057
92798d18-4cb7-489f-b6b9-58f559cf67ca,"Childs, Dwight",35,2,0,1,0.057
15c444e7-cb07-4307-8c97-6b9939bef402,"Burt, D.J.",2287,131,7,65,0.057
2e64e8b1-0ac6-49d1-b8f9-94a68c528f2f,"Sandoval, Pablo",967,55,5,36,0.057
a5571435-728c-411c-9dac-020cd81e82c5,"Alleyne, Bubba",1026,58,6,37,0.057
f784df39-4a58-45f8-9061-68ed97a3e44a,"Abreu, Osvaldo",1785,102,15,63,0.057
b574a746-0dfc-42b6-ae21-f2a1266fc866,"Cottam, Kole",230,13,1,7,0.057
8b347996-1e8c-4a64-944e-cc0e6a6e06a5,"Gonzalez, Pedro",1074,61,12,32,0.057
2e489721-3490-4169-ac58-820113038634,"Broussard, Brandt",35,2,0,1,0.057
6d718bd6-e9d5-41dc-adec-9d84c619cea7,"O'Conner, Justin",950,54,4,40,0.057
0c392164-63c8-45e5-a895-292f9712420f,"Martinez, Roidel",630,36,1,11,0.057
02e54025-9158-491f-aaf1-f903774dd041,"De Aza, Alejandro",1636,91,13,69,0.056
8be51e39-23cc-4212-9fdc-da1d24a838e6,"Winland Jr, Paul",36,2,0,2,0.056
8f7a44f0-5d95-4261-8a26-7726c799edd8,"McDermott, Matt",18,1,1,2,0.056
719322c8-ee16-4d5d-ba5e-a4fc8256436a,"Riddle, JT",197,11,0,8,0.056
d64459b9-db1c-416f-8e41-fb8dec5e5790,"Davis, Ryan",72,4,0,1,0.056
8200d47f-dad5-4940-a564-5058ca6ad2ac,"Tavarez, Jesus",107,6,1,5,0.056
e2cfdbd2-4779-499c-911a-a620598805fc,"Perreira, Bryan",18,1,0,0,0.056
87fff8db-cc9f-4a73-8b0c-93c41c41b8a0,"Watson, Kevin",1906,106,16,70,0.056
3953b4e2-7fde-4c02-bb52-f6e951b9e47d,"Noriega, Andres",90,5,1,1,0.056
c2faa951-0024-409c-87c0-1c380e891758,"De Aza, Alejandro",305,17,2,9,0.056
8879cee7-9481-4f44-8016-b4fc81e43db6,"Amaral, Daniel",1126,63,3,40,0.056
783e71a7-223f-4a4e-8466-4d9336ab54f8,"Cabrera, Leobaldo",360,20,1,12,0.056
4daa9306-359f-4f3d-86b3-3a12eae96733,"Gonzalez, Hidekel",443,25,6,17,0.056
15cd86d6-b80d-442b-b662-274a74bd36d1,"Schield, Slater",727,41,0,28,0.056
53c76d20-b7b2-4310-a57d-93ac63c178ff,"Roller, Chris",1802,99,14,44,0.055
a594069e-9113-4cec-8142-75e2cbaff9c0,"Parreira, Brian",544,30,6,22,0.055
a88feb00-f3e4-49e9-a40a-1992c260a48c,"Higgins, Kevin",201,11,0,3,0.055
b6984766-2cff-4e4b-bb34-13f346c165fc,"Osuna, Alberto",741,41,4,27,0.055
fc57e8e8-7f39-466e-9444-3301db5bb029,"Wingrove, Rixon",200,11,2,8,0.055
9552d7e0-94f7-4800-b120-ca7ebd069ab2,"Tavarez, Jesus",419,23,2,14,0.055
cbeb4770-190d-4853-8323-98ac49857859,"Fuentes, Brian",1792,99,15,88,0.055
65e8fc43-169c-4faa-9c56-0f30ff632627,"Ellis, Drew",109,6,1,5,0.055
823fb7d5-9a07-49b6-a97a-b9c41e512850,"Noriega, Andres",73,4,0,3,0.055
408f8119-2c8b-40d0-9455-aeb5b0cafda6,"Matijevic, JJ",415,23,8,20,0.055
eaf7ecd2-86c3-4077-9573-06de6b494480,"Mirabal, Isaiah",407,22,2,13,0.054
dd0107bf-44fc-4008-a368-787706e22f39,"Frazier, Clint",557,30,2,12,0.054
f8cecda9-48e6-48b5-bffa-82ec735f4797,"Mondesi, Paul",111,6,1,5,0.054
3bc2951b-5a77-4631-96e0-c4d94d98ae03,"Sisco, Chance",785,42,10,35,0.054
e56f91ef-cd9d-4340-bd3b-b098726800f7,"Soto, Jonathan",294,16,3,14,0.054
eef6732a-abe7-4eae-be27-1082ce84b4df,"Kelly, Scott",570,31,0,12,0.054
79937ca9-485f-446f-8e17-0caa5b442d9a,"Diaz, Nick",74,4,0,2,0.054
a2e9d21a-c9c1-4a65-9b70-d309b0aab204,"Suozzi, Joe",92,5,1,2,0.054
bb0148ed-21c2-4cff-9178-18e39f536089,"Williams, Cam",37,2,0,2,0.054
5494e80b-3a86-4f6a-b630-60ac6354cdc4,"Alonso, Alan",294,16,3,8,0.054
e76c4424-6cd8-4af1-8eea-b0b4b345f67e,"Jones, Amani",93,5,0,0,0.054
855bcfd7-ddc8-4bad-bb33-bf4a2a1071c6,"McGarry, Alex",222,12,2,8,0.054
7243bf20-a788-4c18-aa64-d204cee7e615,"Amezquita, Carlos",184,10,0,9,0.054
39607382-e838-4fe1-8973-2477444be361,"Castro, Luis",521,28,4,16,0.054
5784a7c8-6e8a-433f-b7c6-0f3e2b2992a1,"Perez, Henderson",521,28,1,16,0.054
4ca44145-8e7a-4a10-8690-eee7d467418c,"Miller, Dean",527,28,9,25,0.053
0119cd13-35f5-4251-9356-cd2da7ee951f,"Roederer, Cole",1928,103,19,76,0.053
dfcbaf7b-fc12-48e8-976a-5d0b8139c3db,"Watson, Kevin",551,29,5,26,0.053
8668f84d-14d9-4bc1-b4ce-202221ea8c3c,"Marquez, Caleb",418,22,4,15,0.053
34f99758-2543-4896-9318-a81acba1eb45,"Hoover, Jake",322,17,1,14,0.053
b8b38ceb-82fb-4d22-af25-e96739920ba6,"Dernedde, Kyle",189,10,0,2,0.053
1dfcb042-e8fd-44a6-b03f-ea7a9738dcc7,"Maggi, Drew",304,16,3,12,0.053
0b1e25d0-ab15-4b07-b925-e1330a58dc43,"Davis, Jaylin",1143,59,21,55,0.052
61133a91-e764-4775-888a-7497f7d098de,"Liniak, Kingston",233,12,1,6,0.052
5d83067f-d640-4c52-af7c-44f184a0d585,"Kwitzer, Chris",554,29,2,14,0.052
c47fa71b-5ff8-4453-8411-fa31248c1b5d,"Olmeda, Alexis",193,10,2,5,0.052
3857c7ba-25a5-4c6a-bbf9-5d97ab5c3fd0,"Wilson, Cody",484,25,3,16,0.052
ab394d40-a002-45b1-94f3-f277bf0d85e7,"Conley, Jack",766,40,4,28,0.052
2561d7bf-afa7-4ee7-87c5-b3a57f66b0d1,"McCarthy, Ryan",1215,63,7,35,0.052
edb0dd07-8a40-494f-8cb4-bef123a902a7,"Brewer, Aidan",1831,94,12,49,0.051
34a57780-7771-480d-bf5e-1c2d2a19c4b1,"Gonzalez, Pedro",764,39,15,33,0.051
1c65d639-c0bb-4a7f-b963-bb5fbc74b05a,"Isola, Alex",1756,90,13,63,0.051
ae0c1c9e-c0e6-4aec-bfb0-a7a9fa95943a,"Demeritte, Travis",1286,66,7,35,0.051
d362044c-6b63-4188-a2ab-c522616a4402,"Geraci, Ernie",39,2,0,0,0.051
5147bdde-3bc5-4170-8ab0-587bdb9a2753,"Soularie, Alerick",303,15,3,17,0.05
a58325e2-5d23-46be-96c7-4f97bf1eab55,"Jackson, Alex",101,5,1,2,0.05
55d691d8-584a-4ebf-9c1f-847d66023024,"McCarthy, Ryan",1129,57,4,34,0.05
d709fa18-7a15-41af-bf6d-863dbe3be2b2,"Robinson, Errol",418,21,2,16,0.05
0aa3476a-a3f8-4255-96b0-359b79c622ca,"Figueroa, Martin",721,36,4,12,0.05
9dec2576-2d87-45ff-b5e6-6358aad2f81d,"Mehlbauer, Clayton",516,26,6,17,0.05
686870e6-4a20-40bf-ac30-f95f83b17eaf,"January, Ryan",160,8,3,5,0.05
57f9c03d-6b2e-40c6-913f-2424c855b998,"Leach, Dante",604,30,1,15,0.05
b870c018-7735-4e61-8e69-bb0fcc48ee99,"Thomas, Cody",1733,85,18,71,0.049
6a11c290-7567-4ce6-91e5-e2c31496b8bf,"Aviles, Luis",41,2,1,1,0.049
bf9093f9-548d-4095-8d63-422cd65fb34f,"O'Brian, Keenan",123,6,0,3,0.049
e1878729-f7d7-45a8-9b6a-253a129d45dc,"Williams, Chris",629,31,11,21,0.049
65c3fa2e-3f3b-433a-8aee-86654cb340e1,"Flores, Bernardo",21,1,0,0,0.048
980e1315-9405-41d8-adbe-eaa9d25357ab,"Rhinesmith, Jacob",21,1,0,0,0.048
3c329c90-7034-4ca2-92f2-7bd19ef39746,"Sedio, Chad",269,13,2,9,0.048
fbedf93a-9e45-4bbc-84b1-73c3c6ec4e21,"Rodriguez, Lizandro",21,1,0,1,0.048
1fd5a7dd-dd04-46c6-a719-0fc3f5166f27,"Campagna, Joe",293,14,1,8,0.048
a80a2f77-b7a5-4b32-b412-26c8ea5dad65,"Kelly, Juan",990,48,4,32,0.048
82c28b8d-74d3-4528-b17b-afc7307e81df,"Borden, Tim",417,20,2,16,0.048
887e77c5-6e29-4811-bc5f-58e734346799,"Clark, LeDarious",312,15,1,5,0.048
1ebf238c-1058-4543-b074-76778c957416,"Hill, Aaron",851,41,7,29,0.048
2035065e-593a-45d7-bb42-184749de1b19,"DeLuca, Joe",875,41,10,31,0.047
670bccf5-e79d-4aa8-83fb-582b18f824cc,"Paredes, Jimmy",43,2,0,0,0.047
309a060b-b0ab-4787-8c0d-19a8df5af7b6,"Hill, Tyler",359,17,4,13,0.047
1c155396-9ceb-49e8-abca-e195dd80ca8f,"Terry, Curtis",466,22,2,14,0.047
77fb585e-eee3-4175-a195-47743d2a1bb3,"Tovalin, Osvaldo",171,8,0,3,0.047
a79d44db-feb5-4910-b25e-896a338bfe9c,"Quiroz, Isaias",299,14,3,11,0.047
f917d755-7e0b-4278-ac80-c8d1704a14fe,"Estrada, Willie",191,9,2,5,0.047
b8e216d2-fded-4581-bdfc-d13ba44d1965,"Huntzinger, Jerry",1166,54,6,34,0.046
22bf2dba-47c7-4f74-962c-dc31fc53e47d,"Lopez, B.J.",437,20,1,11,0.046
8840f8bb-b96f-479b-a09c-e30742f27abd,"Sepulveda, Christian",65,3,1,2,0.046
c72911f1-c064-407b-aeca-4d961541fee6,"Yetsko, Ian",674,31,3,17,0.046
5af05b4e-da7f-454e-99fa-5c7a9bd87cfb,"Wurtz, Gabe",350,16,3,26,0.046
dbbf96dd-0acc-4980-8260-00f93bc6fa40,"Devenney, Ciaran",393,18,9,25,0.046
6cad0ad3-227f-42b5-809f-0ec7a2700446,"Wiel, Zander",761,34,12,24,0.045
df733ead-cbbd-4224-8925-a66cdb6868eb,"Alexander, Evan",908,41,4,19,0.045
89f3e58d-749f-4c71-bae8-acfc0e29c95a,"Hill, Tyler",330,15,1,8,0.045
da89c3f0-da62-46e7-9ded-2840133c380d,"Garcia, Willy",132,6,0,6,0.045
ff0378d8-c9a4-4d34-99da-2f8bb253a46c,"Scheffler, Matt",89,4,1,3,0.045
4ef4cda0-6119-40bd-8515-2e2732dac781,"Semo, Andrew",595,26,2,14,0.044
c18d058e-4034-4b29-975b-b93456f948a3,"Valdes, Andy",136,6,2,2,0.044
c04b5250-dfd6-492f-bb88-7acc35b81255,"Parks, Bryson",68,3,0,0,0.044
f2279354-30df-4bd1-a5cd-182f745a74ae,"Decker, Nick",585,26,5,17,0.044
52d83898-dc46-422a-b71c-6cce8a826ded,"Pugh, Brandon",159,7,0,2,0.044
c4c15ced-a4e6-4a48-bd77-195dbfdabd69,"Alonso, Alan",608,27,4,8,0.044
eeda88a8-4b53-4b55-894e-da5e860beba2,"Robertson, Payton",318,14,2,10,0.044
8ffeb028-15ab-4670-a1ba-83717b07352f,"Berglund, Michael",676,29,3,26,0.043
2c34e358-3465-4e3f-9b39-356c667d6c6c,"Mathias, Mark",23,1,0,0,0.043
e6039993-622d-4879-a1bd-3e16a355c9c0,"Saenz, Kevin",141,6,1,1,0.043
74da322e-dd92-445b-8fd1-1621c88407a7,"Williams, Miles",372,16,5,13,0.043
aef50e0e-340e-4490-b12d-b8cfd0f06431,"Hawkins, Courtney",163,7,1,6,0.043
1babd724-d459-4057-9a14-fce8605defa7,"Costes, Marty",46,2,0,0,0.043
3d2328ec-344b-488f-9a5f-ae64f70081ea,"Hibbert, Matt",540,23,2,9,0.043
22e6dec7-2ccd-4216-809d-19365b5710cb,"Bradley, Bobby",263,11,1,7,0.042
21ff0d39-5f6f-4ade-b2bd-5d034b9ed534,"Quiroz, Isaias",480,20,1,6,0.042
0c86de99-73ac-4dcd-bae7-e6bed19a9895,"Gray Jr., Joe",48,2,1,4,0.042
dc6dab95-d056-4e38-8694-0a05a3929967,"Logan, Michael",48,2,0,0,0.042
6424af63-b865-46b1-a5e8-be351ba7cd35,"Toetz, Paul",143,6,0,3,0.042
ee1fbb4e-732b-463a-bc0a-41590220dbec,"Gray Jr., Joe",95,4,0,0,0.042
93b1f2b0-f346-444a-a1e6-1c84d1f8ad58,"DeLuca, Joe",563,23,9,24,0.041
e33871df-44d2-407a-b7aa-9d6add186169,"Lin, Lyle",270,11,0,4,0.041
5d83e1ed-0661-4349-a3df-c08209f778a5,"Davidson, Braxton",1304,53,11,38,0.041
597dd922-0ab1-4a06-9937-ce57a2c40a21,"Matthews, Dave",319,13,5,16,0.041
6c65cd2e-c171-44ec-92b4-60bdff4effaa,"Garcia, Wilkerman",149,6,0,2,0.04
1504a352-9f60-40c4-9a94-22dced284222,"Candelario, Wilmin",99,4,0,1,0.04
2e787871-68d5-44d4-868a-b0b7b1544a9d,"Washington, David ",25,1,1,1,0.04
a8383fe7-e83e-42d9-a5aa-8dbdb2d55b58,"Demeritte, Travis",50,2,0,0,0.04
71f6536d-857a-4990-8131-df10879d04cd,"Acal, Justin",923,37,3,22,0.04
c87e18c6-cfa9-4554-bdb5-c73e2d50371d,"Pestano, Ariel",373,15,2,16,0.04
ca3788f1-35df-4d14-9ac1-3b9980040393,"Cutler, Brantley",25,1,0,1,0.04
b7a30539-07e8-4b85-bf22-48919153dc02,"Barham, Robert",153,6,0,4,0.039
d524f4fe-a68d-4567-bdd8-1bc32580c947,"Moorer, Demetrius",461,18,0,10,0.039
64e77c13-7dd5-40b4-9458-97a7ab9d63bc,"Marrero, Alan",129,5,0,2,0.039
e1d2c9f5-1710-408d-b2f9-67d4632dbc5b,"Howell, Gabe",334,13,2,8,0.039
cab18091-00b9-40dd-b10a-667bc0bb9e71,"Williams, Justin",228,9,2,4,0.039
1cd2219f-dba8-4cb7-b43d-725f57996995,"Soto, Jonathan",559,21,0,12,0.038
45337983-8acb-4d5d-94fd-c221ac4fc106,"Pike, Chad",523,20,5,16,0.038
c6e8083b-deec-49c5-9822-9e4059b5b936,"Dawson, Ronnie",212,8,2,5,0.038
ffb76ca0-8f58-4bf7-be87-4aa7c4eea0a4,"Williams, Justin",53,2,0,0,0.038
79f5f571-b4b1-4815-a158-141bad07c183,"Campagna, Joe",945,36,4,14,0.038
7cf7848b-17c5-47be-a0c1-c65188c5ecb5,"Scantlin, Nate",507,19,3,12,0.037
945c18e9-0425-4ab6-b2f1-16a0233db673,"Sanchez, Aldenis",328,12,1,9,0.037
53f7a3bb-6c55-4a74-a86f-3b388b06f5b9,"Moorer, Demetrius",1287,47,4,32,0.037
695f459c-2fae-4a54-82dc-fb2d14c69a2a,"Reynolds, Mikey",273,10,1,7,0.037
cc2d5ec9-ace4-441f-aee1-0cb2795de338,"Mayberry, Blake",164,6,0,2,0.037
b2332f61-8314-44a0-844c-ca5403af4c3b,"Williams, Miles",490,18,5,11,0.037
c382dad0-88d5-4971-b83a-025fd802e982,"Mercedes, Melvin",568,21,1,14,0.037
3a1a40da-775b-44c6-b06c-a4d72a301145,"Mead, John",28,1,0,0,0.036
96552953-4adf-4337-8d16-77bd61384691,"Quiroz, Isaias",524,19,6,15,0.036
07ce8062-516c-4a7e-92d4-870adbf09e78,"Howard, Jordan",114,4,0,3,0.035
71e3fc24-11e6-4551-bd8a-fa502c3397ec,"Melfi, David",86,3,0,0,0.035
fdc6410c-4f34-4f11-8ba4-053e400b9204,"Williams, Justin",86,3,0,0,0.035
275167f4-9695-4eeb-b57b-97603f852c84,"Wagner, Brandon",230,8,2,9,0.035
7a88342b-f5de-4b95-9afb-4e6c597ccfa5,"Simington, Miles",226,8,2,7,0.035
b3159c98-5da4-41c1-8694-1a80dc31f8ad,"Meyer, Jake",313,11,1,8,0.035
909c7d7e-53c6-4d5f-a74d-dc471cfef3e4,"Watson, Nolan",619,21,2,16,0.034
9d86cc12-f088-47e2-8d88-24565f88958c,"Lynch, Jack",179,6,1,2,0.034
d81e63e7-4476-4ae8-b9ce-da26ddfe7ea8,"Schwarz, JJ",92,3,2,6,0.033
03f5e197-c42a-45ab-9766-f64864e3f754,"Bates, Austin",91,3,0,1,0.033
293d385b-5484-412c-b9ad-272072f2ed19,"Vargas, Xavier",121,4,0,3,0.033
9a812485-fd37-4047-b770-ac4e0b229f96,"Orrico, AJ",90,3,0,2,0.033
234c7b3b-cd1d-481a-aaa8-439109f795f7,"Brewer, Aiden",31,1,0,0,0.032
7c7a4153-4990-4be2-9e41-205be096af0d,"Kirby, Justin",31,1,1,2,0.032
4a0d52be-2063-4e19-9453-30185f4e7ecc,"Richards, Jairus",156,5,2,4,0.032
74bf542c-9b30-4d29-ac8b-271d96e15463,"Gomez, Dariel",190,6,1,7,0.032
c1dfb04d-b9f1-432d-8ac7-3248aac9c7aa,"Pompey, Tristan",346,11,2,8,0.032
6c18ef54-d14d-43ca-ab6c-b7e1d80c5863,"Olmeda, Alexis",359,11,1,7,0.031
af56f651-bd6c-41c6-bc6a-9b1449753990,"Davidson, Braxton",290,9,1,8,0.031
57ae1b50-27bb-4f0c-b036-c4350cef35cf,"Hamilton, Quincy",264,8,3,9,0.03
18356e5a-df04-4fae-9978-18ed6ba50a2d,"Gutierrez, Sergio",34,1,0,0,0.029
310e7275-9a9c-4785-b7f9-fd09c2e3a47e,"Grullon, Francis",69,2,0,0,0.029
0014199b-c04e-49e8-970e-de891ae60f39,"Robinson, Trayvon",34,1,0,1,0.029
a0afaa94-3963-4398-8a7b-e3d758ced7fd,"Martin, Trey",68,2,0,0,0.029
3e9c18fb-e229-4a45-9d85-ae3d8483207f,"Hernandez, Luis",175,5,0,5,0.029
8888e8e1-7cdd-4640-a780-299973386fb7,"Espinosa, Albert",111,3,0,0,0.027
10cf3998-fbe4-45ca-b6df-cfe26c77cf5d,"Chung, Patrick",113,3,0,1,0.027
944078a1-9519-4040-9586-14223d1774e0,"Howell, Korry",149,4,0,1,0.027
d21ef3ca-bb1d-4c18-a87a-c7358979dad8,"Williams, Miles",39,1,0,0,0.026
bdf4a3c7-0648-492d-9a48-2d5e51a72121,"Baylor, Jamari",118,3,0,2,0.025
a89dd4e4-f915-4258-abbc-e6e6df2c554a,"Gomez, Dariel",207,5,0,0,0.024
f6f58e94-648d-4393-aa98-54f11b6319b6,"Weaver, Lyndon",84,2,0,0,0.024
f797f443-edf4-4173-bedf-dd6768d85193,"Heath, Nick",292,7,1,3,0.024
800da9de-adb9-4035-95cc-e83661b10d7a,"Veloz, Omar",44,1,0,1,0.023
4f9a5a08-6f07-4a90-aa66-818c877e5450,"Brill, Aaron",44,1,0,1,0.023
52c784be-015a-4768-b74b-e94646f581d3,"Melfi, David",392,9,1,4,0.023
e255b131-2b3d-4ffb-b0b3-e5b82d47e9a0,"Chatham, Cael",184,4,0,3,0.022
365753de-6fc9-4195-965d-2030577c5574,"Richardson, Cayman",48,1,0,0,0.021
25014c51-5d82-4c13-b3e4-75b28f0fc42c,"Pugh, Brandon",94,2,0,0,0.021
251e86c0-0872-4e7b-9201-3314f656f14a,"Alemais, Stephen",51,1,0,1,0.02
28063003-f0f1-47e4-bdce-668de9400092,"Acal, Justin",53,1,0,1,0.019
a54e3744-d5da-42ed-a412-294cd59eca3e,"Baldwin, Roldani",104,2,0,2,0.019
6e55550c-617c-40d3-876f-c91d42eecb47,"Gulino, Michael",56,1,0,3,0.018
8e53ab73-cf5b-4665-a44b-e3d627738c4d,"Gray Jr., Joe",58,1,0,0,0.017
72109c35-7125-4695-9cf5-c78bbce13fe4,"Sosa, Gustavo",58,1,0,1,0.017
41ad85a6-b20a-4732-b506-225ef7b56140,"Monroe, Chris",183,3,0,3,0.016
33ffe358-4f38-4e04-a852-c3f7c2955433,"Abbatine, Anthony",68,1,0,1,0.015
575fc843-4cdb-417c-944b-efd10a5d2d88,"Johnson, Tyler",73,1,0,1,0.014
916f825e-3c1a-4142-ad4f-e54e10531b53,"Rosario, Dilan",139,2,0,0,0.014
6e2b04d2-a1f7-422c-b4e4-3dedbcd794aa,"Demeritte, Travis ",74,1,0,0,0.014
260cf46d-9880-4e34-af3c-1f5cb74d791f,"McRae, Blake",138,2,0,1,0.014
2bb8de5f-ad67-4fff-a644-13b479b9b64f,"Colon, Rabel",76,1,0,1,0.013
dd5c3cd6-7dbb-41b3-b179-840925f36126,"DeShields, Delino",8,0,0,0,0
70c3be9b-b487-41a1-a092-ded6962e5f76,"Walker, Mason",60,0,0,1,0
6eb69113-9143-471a-916a-3c8edabb8670,"Reed, Michael",3,0,0,0,0
d652bf99-0395-4b52-bef6-400aefce99fb,"Acevedo, Luis",10,0,0,0,0
3918c44f-38f9-43bc-9fae-cbdbb16559e1,"Suozzi, Joe",15,0,0,0,0
a11dadf0-f476-40d8-bd9e-043e89d1104c,"Arjona, Kyle",4,0,0,0,0
05b10ee4-b3d8-4aed-a32a-6aacef7e1a93,"Vinson, Chase",31,0,0,0,0
7fc12485-8690-4abf-a026-444751f091c0,"Garcia, Dermis",31,0,0,0,0
46244b1a-d798-4552-b737-1d18a5270b8d,"Zaremba, Matt",17,0,0,0,0
ef1ab1bb-599e-4556-9b14-2a5fe4507e1d,"Nelson, Tyler-James",48,0,0,0,0
2445918d-d8b1-4806-b37a-8a27f50515d4,"Maberry, David",23,0,0,0,0
c7bd6ce9-a314-48f8-bf79-d51f079d927c,"Winland, Paul",13,0,0,0,0
db369e1d-6e92-4342-a46f-4489f481d377,"Santos, Oscar",15,0,0,0,0
21857ae0-764b-4564-8899-f4753dcb78d0,"Alfonzo, Daniel",36,0,0,0,0
a9cb9a73-3fca-418f-885d-4d1921a14e4e,"Mondesi, Paul",8,0,0,0,0
b5122cb6-65a7-4c23-9cf2-30ad9255c9fb,"Melfi, David",15,0,0,0,0
1d5388c9-b04a-49af-88b6-1debcf9acc8e,"Skender, Ethan",4,0,0,0,0
6bf3242e-c62f-4001-ae78-e738701bda7e,"Garcia, Robert",12,0,0,0,0
6e516d8d-c248-4660-9220-e557fdf11e16,"Rosario, Dilan",14,0,0,0,0
45e38bc1-1cb7-4c62-b295-b480ded8a830,"White, Gregory ",4,0,0,0,0
f483ae27-c911-4821-a9be-0ce80e403ee2,"Suleski, Chris",9,0,0,1,0
3ed455ea-401e-4ed6-9d12-bb6e268c47ef,"Perez, Henderson",18,0,0,0,0
53ad8541-a626-43a2-b658-2dcd342c6c56,"Rodriguez, Nellie",11,0,0,0,0
3498732f-18ac-420f-9008-42421372c2b6,"Santana, Juan",2,0,0,1,0
88dcc1ac-853c-4710-bac0-d57147412e9b,"Semple, Shawn",6,0,0,0,0
5849e3d2-5cde-4104-8910-f50cc7f5ba95,"Miller, Dean",37,0,0,0,0
9bfdb97f-172a-40b5-8a93-807054864617,"Jensen, Collin",20,0,0,0,0
e9bc3d7f-6963-4283-bd26-f970693166b7,"Maxwell, Mason",2,0,0,0,0
2f7ee1c2-da6d-45b7-bbbf-fe319cdb8db6,"Riley, Will",77,0,0,2,0
bae136c2-9fd3-4b26-97f7-cdac89af36af,"Robertson, Payton",43,0,0,0,0
dd1cd90c-4638-4882-8d81-4bf3c289d6ae,"Barfield, Jacob",17,0,0,0,0
92dc1f23-dad5-4110-bda8-a13d1a09e9fc,"Brown, Micah",10,0,0,0,0
149b99e4-b6b9-4c0d-91bb-d2abf6113fed,"Williams, Miles",19,0,0,0,0
434e5f46-69b9-4358-8aed-cc04ed8e047f,"Perdomo, Jhonny",14,0,0,0,0
ff3e0953-f633-4232-a649-a3a5332c88b0,"Perreira, Brian",6,0,0,0,0
3d3ad4d4-02a6-4058-9565-b72173db534d,"Ervin, Phillip",4,0,0,0,0
28329472-bb85-4ed8-a901-d423d847bd58,"Romano, Sal",5,0,0,0,0
fec376d8-9470-44f2-93e7-c5b1dab76fa0,"Swihart, Blake",31,0,0,0,0
5eec8223-3115-4f99-bb69-8738da517e96,"Waite, Jonathan",75,0,0,0,0
bd4c5d8b-e248-46e3-bef6-9dc3272485ce,"Rosa, Joseph",6,0,0,0,0
0ca0317e-0e4e-4452-ad11-4a628f4b9807,"Jemison, Drew",28,0,0,0,0
